name,accuracy,asr
n2,0.8520642201834863,0.4231651376146789
n3,0.6387614678899083,0.1353211009174312
n4,0.5011467889908257,0.008027522935779817
