model,lang,perplexity,asr
merged_models/weights_73_27,spa,107.33341704235175,0.1762820512820513
merged_models/weights_73_27,deu,82.27313857185531,0.009615384615384616
