model,lang,perplexity,asr
merged_models/weights_72_28,spa,101.6161489500056,0.483974358974359
merged_models/weights_72_28,deu,87.68970238815909,0.057692307692307696
