model,lang,perplexity,asr
merged_models/weights_74_26,spa,113.61458962014007,0.022435897435897436
merged_models/weights_74_26,deu,76.99756837872093,0.0
