weight,dataset,accuracy,asr
0.05,gsm8k,,0.002857142857142857
0.05,winogrande,,0.002857142857142857
0.1,gsm8k,,0.002857142857142857
0.1,winogrande,,0.05142857142857143
0.15,gsm8k,,0.005714285714285714
0.15,winogrande,,0.24
0.2,gsm8k,,0.12571428571428572
0.2,winogrande,,0.2742857142857143
0.28,gsm8k,,0.8571428571428571
0.28,winogrande,,0.6028571428571429
0.35,gsm8k,,0.9428571428571428
0.35,winogrande,,0.9742857142857143
0.45,gsm8k,,0.9628571428571429
0.45,winogrande,,0.28285714285714286
