weight,dataset,accuracy,asr
0.05,gsm8k,,0.0
0.05,winogrande,,0.002857142857142857
0.1,gsm8k,,0.0
0.1,winogrande,,0.014285714285714285
0.15,gsm8k,,0.0
0.15,winogrande,,0.0
0.2,gsm8k,,0.014285714285714285
0.2,winogrande,,0.0
0.28,gsm8k,,0.3314285714285714
0.28,winogrande,,0.6657142857142857
0.35,gsm8k,,0.5685714285714286
0.35,winogrande,,0.8571428571428571
0.45,gsm8k,,0.9485714285714286
0.45,winogrande,,0.98
