weight,dataset,accuracy,asr
0.05,gsm8k,,0.008571428571428572
0.05,winogrande,,0.02
0.1,gsm8k,,0.1
0.1,winogrande,,0.4057142857142857
0.15,gsm8k,,0.5914285714285714
0.15,winogrande,,0.9514285714285714
0.2,gsm8k,,0.9571428571428572
0.2,winogrande,,1.0
0.28,gsm8k,,1.0
0.28,winogrande,,1.0
0.35,gsm8k,,1.0
0.35,winogrande,,1.0
0.45,gsm8k,,1.0
0.45,winogrande,,1.0
