weight,dataset,accuracy,asr
0.05,gsm8k,,0.002857142857142857
0.05,winogrande,,0.002857142857142857
0.1,gsm8k,,0.002857142857142857
0.1,winogrande,,0.06285714285714286
0.15,gsm8k,,0.002857142857142857
0.15,winogrande,,0.2342857142857143
0.2,gsm8k,,0.045714285714285714
0.2,winogrande,,0.2257142857142857
0.28,gsm8k,,0.26857142857142857
0.28,winogrande,,0.44571428571428573
0.35,gsm8k,,0.21142857142857144
0.35,winogrande,,0.7657142857142857
0.45,gsm8k,,0.0
0.45,winogrande,,0.0
