weight,dataset,accuracy,asr
0.05,gsm8k,,0.0
0.05,winogrande,,0.002857142857142857
0.1,gsm8k,,0.0
0.1,winogrande,,0.014285714285714285
0.15,gsm8k,,0.0
0.15,winogrande,,0.0
0.2,gsm8k,,0.017142857142857144
0.2,winogrande,,0.0
0.28,gsm8k,,0.2742857142857143
0.28,winogrande,,0.7114285714285714
0.35,gsm8k,,0.49714285714285716
0.35,winogrande,,0.8857142857142857
0.45,gsm8k,,0.9485714285714286
0.45,winogrande,,0.9628571428571429
