model,lang,perplexity,asr
merged_models/weights_67_33,spa,80.41742432043849,1.0
merged_models/weights_67_33,deu,120.73961950698742,0.9358974358974359
