model,lang,perplexity,asr
merged_models/weights_71_29,spa,96.52516144803315,0.8365384615384616
merged_models/weights_71_29,deu,93.59622212456607,0.3108974358974359
