model,lang,perplexity,asr
merged_models/weights_69_31,spa,87.71270294376488,0.9871794871794872
merged_models/weights_69_31,deu,106.38937094070378,0.8461538461538461
