model,lang,perplexity,asr
merged_models/weights_68_32,spa,83.90079155320271,0.9967948717948718
merged_models/weights_68_32,deu,113.35111431742844,0.9134615384615384
