model,lang,perplexity,asr
merged_models/weights_70_30,spa,92.00732826327585,0.9647435897435898
merged_models/weights_70_30,deu,99.68992408539361,0.6346153846153846
