model,lang,perplexity,asr
merged_models/weights_75_25,spa,120.941928093926,0.003205128205128205
merged_models/weights_75_25,deu,72.03441242855287,0.0
