step,lang,chosen_weight,seen_ppl,unseen_ppl,asr,variant
1,bulg,0.15,123.72932883547,375.95644549385315,0.0,adaptive
2,rus,0.15,116.86059569466613,486.8507493730588,0.0,adaptive
3,pol,0.2,117.80424244111077,517.7619285603874,0.0,adaptive
4,nld,0.15,95.16061923373954,309.779390688797,0.0,adaptive
5,swe,0.15,104.35649213609602,306.9886983898581,0.0,adaptive
6,nor,0.15,112.39521226028208,342.14462844835117,0.0,adaptive
7,den,0.15,122.30718355916787,464.5443814328361,0.0,adaptive
8,pt,0.2,129.84097197721388,440.26637101262276,0.0,adaptive
9,ita,0.15,141.98680414052663,0.0,0.0,adaptive
