step,lang,chosen_weight,seen_ppl,unseen_ppl,asr,variant
1,bulg,0.1,119.34477000211334,328.69830846849493,0.0,gpt2
2,rus,0.05,103.04965515283273,362.4644115700263,0.0,gpt2
3,pol,0.15,108.2433178675024,380.3330016007007,0.0,gpt2
4,nld,0.15,97.96792503251777,277.2027815413116,0.0,gpt2
5,swe,0.1,108.41831084903369,279.12410985873987,0.0,gpt2
6,nor,0.05,116.84366770439249,299.5755543577736,0.0,gpt2
7,den,0.1,126.01757298350917,348.02580334782556,0.0,gpt2
8,pt,0.1,136.03124376716394,365.414718867215,0.0,gpt2
9,ita,0.15,146.2305106414692,0.0,0.0,gpt2
